"epoch","resnext50-tiny_imagenet-d10-tau10.0-epoch200-lr0.1-val - _step","resnext50-tiny_imagenet-d10-tau10.0-epoch200-lr0.1-val - _step__MIN","resnext50-tiny_imagenet-d10-tau10.0-epoch200-lr0.1-val - _step__MAX","resnext50-tiny_imagenet-d10-tau10.0-epoch200-lr0.1-val - acc/train","resnext50-tiny_imagenet-d10-tau10.0-epoch200-lr0.1-val - acc/train__MIN","resnext50-tiny_imagenet-d10-tau10.0-epoch200-lr0.1-val - acc/train__MAX","densenet121-tiny_imagenet-d10-tau10.0-epoch200-lr0.1-val - _step","densenet121-tiny_imagenet-d10-tau10.0-epoch200-lr0.1-val - _step__MIN","densenet121-tiny_imagenet-d10-tau10.0-epoch200-lr0.1-val - _step__MAX","densenet121-tiny_imagenet-d10-tau10.0-epoch200-lr0.1-val - acc/train","densenet121-tiny_imagenet-d10-tau10.0-epoch200-lr0.1-val - acc/train__MIN","densenet121-tiny_imagenet-d10-tau10.0-epoch200-lr0.1-val - acc/train__MAX","resnet18-tiny_imagenet-d10-tau10.0-epoch200-lr0.1-val - _step","resnet18-tiny_imagenet-d10-tau10.0-epoch200-lr0.1-val - _step__MIN","resnet18-tiny_imagenet-d10-tau10.0-epoch200-lr0.1-val - _step__MAX","resnet18-tiny_imagenet-d10-tau10.0-epoch200-lr0.1-val - acc/train","resnet18-tiny_imagenet-d10-tau10.0-epoch200-lr0.1-val - acc/train__MIN","resnet18-tiny_imagenet-d10-tau10.0-epoch200-lr0.1-val - acc/train__MAX","resnet18-cifar100-d10-tau10.0-epoch200-lr0.1 - _step","resnet18-cifar100-d10-tau10.0-epoch200-lr0.1 - _step__MIN","resnet18-cifar100-d10-tau10.0-epoch200-lr0.1 - _step__MAX","resnet18-cifar100-d10-tau10.0-epoch200-lr0.1 - acc/train","resnet18-cifar100-d10-tau10.0-epoch200-lr0.1 - acc/train__MIN","resnet18-cifar100-d10-tau10.0-epoch200-lr0.1 - acc/train__MAX","resnext50-cifar100-d10-tau10.0-epoch200-lr0.1 - _step","resnext50-cifar100-d10-tau10.0-epoch200-lr0.1 - _step__MIN","resnext50-cifar100-d10-tau10.0-epoch200-lr0.1 - _step__MAX","resnext50-cifar100-d10-tau10.0-epoch200-lr0.1 - acc/train","resnext50-cifar100-d10-tau10.0-epoch200-lr0.1 - acc/train__MIN","resnext50-cifar100-d10-tau10.0-epoch200-lr0.1 - acc/train__MAX","densenet121-cifar100-d10-tau10.0-epoch200-lr0.1 - _step","densenet121-cifar100-d10-tau10.0-epoch200-lr0.1 - _step__MIN","densenet121-cifar100-d10-tau10.0-epoch200-lr0.1 - _step__MAX","densenet121-cifar100-d10-tau10.0-epoch200-lr0.1 - acc/train","densenet121-cifar100-d10-tau10.0-epoch200-lr0.1 - acc/train__MIN","densenet121-cifar100-d10-tau10.0-epoch200-lr0.1 - acc/train__MAX"
"0","1.5","0","3","0.007835242082364857","0.006756756920367479","0.01034482754766941","1.5","0","3","0.009559639496728778","0","0.017123287543654442","1.5","0","3","0.006887856870889664","0","0.013793103396892548","0.5","0","1","0.012854610104113817","0.007978723384439945","0.01773049682378769","0.5","0","1","0.02380557358264923","0.022163119167089462","0.025448027998209","0.5","0","1","0.01948488363996148","0.0021276595070958138","0.03684210777282715"
"1","6.5","5","8","0.00979416270274669","0.006802720949053764","0.014541387557983398","6.5","5","8","0.03321972256526351","0.021258503198623657","0.05766870826482773","6.5","5","8","0.02197929541580379","0.011982571333646774","0.036538463085889816","3.5","3","4","0.030912735499441624","0.03079710341989994","0.031028367578983307","3.5","3","4","0.02241365984082222","0.021276595070958138","0.023550724610686302","3.5","3","4","0.051236558705568314","0.04333333298563957","0.059139784425497055"
"2","11.5","10","13","0.009498331928625703","0.0034246575087308884","0.014388489536941051","11.5","10","13","0.057933259755373","0.04898989945650101","0.07916666567325592","11.5","10","13","0.04396293871104717","0.039832282811403275","0.04956427216529846","6.5","6","7","0.037285951897501945","0.03079710155725479","0.0437748022377491","6.5","6","7","0.02327357977628708","0.01931818202137947","0.027228977531194687","6.5","6","7","0.05776052363216877","0.03974359109997749","0.07577745616436005"
"3","16.5","15","18","0.014141006511636078","0.0057870373129844666","0.027186762541532516","16.5","15","18","0.08859637193381786","0.0714285746216774","0.1154562383890152","16.5","15","18","0.07535161916166544","0.057453420013189316","0.10558712482452393","9.5","9","10","0.08515637740492821","0.07733029127120972","0.0929824635386467","9.5","9","10","0.036664800718426704","0.02368421107530594","0.04964539036154747","9.5","9","10","0.09555719047784805","0.08006872236728668","0.11104565858840942"
"4","21.5","20","23","0.018724511610344052","0.011904762126505375","0.02871621772646904","21.5","20","23","0.07582111097872257","0.07116104662418365","0.07992633432149887","21.5","20","23","0.09765328280627728","0.0841807872056961","0.12037037312984467","12.5","12","13","0.07806131429970264","0.04208754375576973","0.11403508484363556","12.5","12","13","0.048811545595526695","0.04385964944958687","0.05376344174146652","12.5","12","13","0.12508417665958405","0.10505050420761108","0.145117849111557"
"5","26.5","25","28","0.022840860299766064","0.01149425283074379","0.03376906365156174","26.5","25","28","0.13099005073308945","0.11395131051540375","0.14466291666030884","26.5","25","28","0.1236737072467804","0.08111754059791565","0.14917530119419098","15.5","15","16","0.11173641309142113","0.1071428582072258","0.11632996797561646","15.5","15","16","0.06347206607460976","0.04781954735517502","0.0791245847940445","15.5","15","16","0.15894291549921036","0.13476677238941193","0.1831190586090088"
"6","31.5","30","33","0.0454426733776927","0.01635991781949997","0.07598039507865906","31.5","30","33","0.1300188135355711","0.11864406615495682","0.13730621337890625","31.5","30","33","0.14912835136055946","0.14023669064044952","0.15792793035507202","18.5","18","19","0.16597376763820648","0.1505645513534546","0.18138298392295837","18.5","18","19","0.09359459578990936","0.08187004923820496","0.10531914234161377","18.5","18","19","0.20316211134195328","0.19627660512924194","0.2100476175546646"
"7","36.5","35","38","0.06399672850966454","0.03944773226976395","0.08999999612569809","36.5","35","38","0.12573983520269394","0.11126628518104553","0.1456928849220276","36.5","35","38","0.1409195326268673","0.10285714268684387","0.16775956749916077","21.5","21","22","0.18436983972787857","0.18237604200839996","0.18636363744735718","21.5","21","22","0.14275996387004852","0.13350340723991394","0.1520165205001831","21.5","21","22","0.22201360762119293","0.19623810052871704","0.24778911471366882"
"8","41.5","40","43","0.1371459625661373","0.09674330055713654","0.19103313982486725","41.5","40","43","0.16401342675089836","0.14726930856704712","0.18287038803100586","41.5","40","43","0.1599065288901329","0.12839147448539734","0.23050682246685028","24.5","24","25","0.22085123509168625","0.21323023736476898","0.22847223281860352","24.5","24","25","0.17977162450551987","0.16718213260173798","0.19236111640930176","24.5","24","25","0.27701979875564575","0.2751736044883728","0.2788659930229187"
"9","46.5","45","48","0.15803208947181702","0.10732176899909973","0.21224677562713623","46.5","45","48","0.17478535324335098","0.12988504767417908","0.21395131945610046","46.5","45","48","0.19289414957165718","0.15519607067108154","0.22392922639846802","27.5","27","28","0.2542051002383232","0.22849999368190765","0.27991020679473877","27.5","27","28","0.2590530216693878","0.24347078800201416","0.2746352553367615","27.5","27","28","0.29303407669067383","0.2819865345954895","0.30408161878585815"
"10","51.5","50","53","0.16924430057406425","0.12395833432674408","0.21342593431472778","51.5","50","53","0.1935456618666649","0.16815641522407532","0.22490420937538147","51.5","50","53","0.21715198084712029","0.1723484843969345","0.26337099075317383","30.5","30","31","0.31663528084754944","0.30763888359069824","0.32563167810440063","30.5","30","31","0.2753126621246338","0.23754209280014038","0.3130832314491272","30.5","30","31","0.34787677228450775","0.3335542380809784","0.3621993064880371"
"11","56.5","55","58","0.1993020363152027","0.15028902888298035","0.2273603081703186","56.5","55","58","0.221051674336195","0.18666666746139526","0.2721264362335205","56.5","55","58","0.24361822754144669","0.1770833432674408","0.27346745133399963","33.5","33","34","0.35823506116867065","0.31300002336502075","0.40347009897232056","33.5","33","34","0.31742551922798157","0.27893584966659546","0.3559151887893677","33.5","33","34","0.3635350465774536","0.33714526891708374","0.3899248242378235"
"12","61.5","60","63","0.20015594735741615","0.16413256525993347","0.23000000417232513","61.5","60","63","0.19482221826910973","0.17344632744789124","0.21041665971279144","61.5","60","63","0.24670683220028877","0.22029411792755127","0.26316288113594055","36.5","36","37","0.33538496494293213","0.3240740895271301","0.34669584035873413","36.5","36","37","0.36433935165405273","0.35883334279060364","0.36984536051750183","36.5","36","37","0.37211577594280243","0.3636363446712494","0.38059520721435547"
"13","66.5","65","68","0.22629090771079063","0.2197740077972412","0.23314176499843597","66.5","65","68","0.17836865410208702","0.15685714781284332","0.20730337500572205","66.5","65","68","0.23542623221874237","0.21882882714271545","0.25276243686676025","39.5","39","40","0.3685494512319565","0.36430978775024414","0.3727891147136688","39.5","39","40","0.4155592769384384","0.3872852325439453","0.4438333213329315","39.5","39","40","0.40943877398967743","0.36666667461395264","0.4522108733654022"
"14","71.5","70","73","0.23289751634001732","0.21788389980793","0.2385057508945465","71.5","70","73","0.17375178262591362","0.15000000596046448","0.20134873688220978","71.5","70","73","0.24788986518979073","0.22418113052845","0.2614232301712036","42.5","42","43","0.4599226862192154","0.4583333432674408","0.46151202917099","42.5","42","43","0.4562831372022629","0.4512026309967041","0.46136364340782166","42.5","42","43","0.4655238687992096","0.45913106203079224","0.47191667556762695"
"15","76.5","75","78","0.23105154186487198","0.16287879645824432","0.2749042212963104","76.5","75","78","0.20471958816051483","0.18095238506793976","0.23212963342666626","76.5","75","78","0.2585555538535118","0.24242424964904785","0.27928438782691956","45.5","45","46","0.38834068179130554","0.37822777032852173","0.39845359325408936","45.5","45","46","0.40656137466430664","0.3920068144798279","0.4211159348487854","45.5","45","46","0.43298104405403137","0.40510204434394836","0.4608600437641144"
"16","81.5","80","83","0.2634999081492424","0.24487894773483276","0.2827553153038025","81.5","80","83","0.22712987661361694","0.19412879645824432","0.25512105226516724","81.5","80","83","0.27169791609048843","0.24534448981285095","0.30684006214141846","48.5","48","49","0.33396992087364197","0.3227221965789795","0.34521764516830444","48.5","48","49","0.4892055243253708","0.4727443754673004","0.5056666731834412","48.5","48","49","0.4491308629512787","0.43611109256744385","0.4621506333351135"
"17","86.5","85","88","0.29187559336423874","0.26177024841308594","0.3226190507411957","86.5","85","88","0.2472093254327774","0.22664836049079895","0.285635381937027","86.5","85","88","0.3022123649716377","0.26918062567710876","0.3252907395362854","51.5","51","52","0.447786346077919","0.4307857155799866","0.46478697657585144","51.5","51","52","0.47901323437690735","0.4382179379463196","0.5198085308074951","51.5","51","52","0.39776167273521423","0.3891904950141907","0.4063328504562378"
"18","91.5","90","93","0.2896847166121006","0.23153693974018097","0.3156130313873291","91.5","90","93","0.2595769017934799","0.24337232112884521","0.2758333683013916","91.5","90","93","0.3087380602955818","0.26396918296813965","0.34331339597702026","54.5","54","55","0.4684924930334091","0.44961127638816833","0.4873737096786499","54.5","54","55","0.4507346451282501","0.4349762201309204","0.46649307012557983","54.5","54","55","0.4247363954782486","0.39845237135887146","0.45102041959762573"
"19","96.5","95","98","0.318757139146328","0.2970883250236511","0.3328516185283661","96.5","95","98","0.2691533789038658","0.24519428610801697","0.30890804529190063","96.5","95","98","0.30540933459997177","0.28263890743255615","0.3363809287548065","57.5","57","58","0.4519755095243454","0.41371530294418335","0.49023571610450745","57.5","57","58","0.5118176341056824","0.4413120746612549","0.5823231935501099","57.5","57","58","0.5135096609592438","0.4978947639465332","0.5291245579719543"
"20","101.5","100","103","0.3172759786248207","0.27374032139778137","0.3501972556114197","101.5","100","103","0.2512550838291645","0.21752381324768066","0.28590476512908936","101.5","100","103","0.32799670845270157","0.3212909698486328","0.34549811482429504","60.5","60","61","0.39729636907577515","0.3747142553329468","0.4198784828186035","60.5","60","61","0.49535349011421204","0.44521379470825195","0.5454931855201721","60.5","60","61","0.4958210587501526","0.4909793734550476","0.5006627440452576"
"21","106.5","105","108","0.33489568531513214","0.3003045320510864","0.3638257682323456","106.5","105","108","0.2842465713620186","0.24084776639938354","0.337514191865921","106.5","105","108","0.32085298001766205","0.30055558681488037","0.35746121406555176","63.5","63","64","0.45598630607128143","0.4390377402305603","0.47293487191200256","63.5","63","64","0.5025694817304611","0.49104759097099304","0.5140913724899292","63.5","63","64","0.4736235439777374","0.41966766119003296","0.5275794267654419"
"22","111.5","110","113","0.3486514538526535","0.32524654269218445","0.4023946225643158","111.5","110","113","0.285917229950428","0.2710476219654083","0.30810052156448364","111.5","110","113","0.3523736074566841","0.33361268043518066","0.36933332681655884","66.5","66","67","0.4404761791229248","0.4333333373069763","0.4476190209388733","66.5","66","67","0.538628488779068","0.5017361044883728","0.5755208730697632","66.5","66","67","0.5105109512805939","0.47646045684814453","0.5445614457130432"
"23","116.5","115","118","0.35084500163793564","0.31617647409439087","0.378742516040802","116.5","115","118","0.314751997590065","0.3008981943130493","0.3314814567565918","116.5","115","118","0.3466983288526535","0.3132353127002716","0.38857144117355347","69.5","69","70","0.5006443411111832","0.4914948642253876","0.5097938179969788","69.5","69","70","0.576082170009613","0.5481292009353638","0.6040351390838623","69.5","69","70","0.4603794515132904","0.4088541865348816","0.5119047164916992"
"24","121.5","120","123","0.3631359338760376","0.3463178277015686","0.37731754779815674","121.5","120","123","0.3116137459874153","0.2647113502025604","0.3343137502670288","121.5","120","123","0.36571019887924194","0.3570588231086731","0.37504929304122925","72.5","72","73","0.5339891612529755","0.508184552192688","0.5597937703132629","72.5","72","73","0.6044787168502808","0.5858843326568604","0.6230731010437012","72.5","72","73","0.5553570985794067","0.5410774946212769","0.5696367025375366"
"25","126.5","125","128","0.34909801185131073","0.32413792610168457","0.3741810917854309","126.5","125","128","0.31014760583639145","0.2849999964237213","0.3238636553287506","126.5","125","128","0.3743124231696129","0.3481372594833374","0.408777117729187","75.5","75","76","0.5130344927310944","0.4909864068031311","0.5350825786590576","75.5","75","76","0.5705609321594238","0.5540330410003662","0.5870888233184814","75.5","75","76","0.5278229117393494","0.5190232992172241","0.5366225242614746"
"26","131.5","130","133","0.3802330866456032","0.35664844512939453","0.40311890840530396","131.5","130","133","0.3239462971687317","0.27025192975997925","0.35077521204948425","131.5","130","133","0.40176303684711456","0.3634503185749054","0.4436274468898773","78.5","78","79","0.4997168183326721","0.4882652759552002","0.511168360710144","78.5","78","79","0.5363816171884537","0.49969926476478577","0.5730639696121216","78.5","78","79","0.457597941160202","0.4332093298435211","0.48198655247688293"
"27","136.5","135","138","0.36308271437883377","0.3485795557498932","0.38499027490615845","136.5","135","138","0.3091428726911545","0.2750000059604645","0.37764933705329895","136.5","135","138","0.3779841735959053","0.33779066801071167","0.46078434586524963","81.5","81","82","0.5111305713653564","0.5094665288925171","0.5127946138381958","81.5","81","82","0.579297661781311","0.5608843564987183","0.5977109670639038","81.5","81","82","0.5360874831676483","0.5132275819778442","0.5589473843574524"
"28","141.5","140","143","0.36629971861839294","0.32870373129844666","0.40388256311416626","141.5","140","143","0.3321453630924225","0.3008522689342499","0.36095765233039856","141.5","140","143","0.39257076382637024","0.3774224817752838","0.40039217472076416","84.5","84","85","0.5382354855537415","0.534415602684021","0.5420553684234619","84.5","84","85","0.5958515405654907","0.578632116317749","0.6130709648132324","84.5","84","85","0.5440019369125366","0.4958634376525879","0.5921404361724854"
"29","146.5","145","148","0.39345312118530273","0.35725492238998413","0.44255954027175903","146.5","145","148","0.3161568269133568","0.3043103516101837","0.33726054430007935","146.5","145","148","0.38507944345474243","0.35009634494781494","0.46162551641464233","87.5","87","88","0.5246922373771667","0.4966810941696167","0.5527033805847168","87.5","87","88","0.5798474252223969","0.5214523673057556","0.6382424831390381","87.5","87","88","0.5734172463417053","0.5247084498405457","0.622126042842865"
"30","151.5","150","153","0.38178155571222305","0.3591337203979492","0.40000003576278687","151.5","150","153","0.3297695219516754","0.29798853397369385","0.3569105565547943","151.5","150","153","0.4098908305168152","0.40000003576278687","0.4282738268375397","90.5","90","91","0.5710903108119965","0.5671929717063904","0.5749876499176025","90.5","90","91","0.6107910871505737","0.5907042026519775","0.6308779716491699","90.5","90","91","0.5359009504318237","0.5220870971679688","0.5497148036956787"
"31","156.5","155","158","0.3930535763502121","0.3780980110168457","0.4223484992980957","156.5","155","158","0.33257732540369034","0.30416667461395264","0.3861904740333557","156.5","155","158","0.39122190326452255","0.3710784316062927","0.4054460823535919","93.5","93","94","0.5971719622612","0.5879251956939697","0.6064187288284302","93.5","93","94","0.6163375675678253","0.6056700944900513","0.6270050406455994","93.5","93","94","0.6182506382465363","0.6020407676696777","0.6344605088233948"
"32","161.5","160","163","0.38150298595428467","0.3124053180217743","0.42500001192092896","161.5","160","163","0.347454272210598","0.2785714268684387","0.458039253950119","161.5","160","163","0.40730247646570206","0.37017542123794556","0.4387896656990051","96.5","96","97","0.5817051827907562","0.5732080340385437","0.5902023315429688","96.5","96","97","0.6254532933235168","0.6163214445114136","0.6345851421356201","96.5","96","97","0.5581275522708893","0.5211613178253174","0.5950937867164612"
"33","166.5","165","168","0.4065519645810127","0.3689788281917572","0.44081443548202515","166.5","165","168","0.3569970950484276","0.3378870487213135","0.3821839392185211","166.5","165","168","0.4179430827498436","0.34913793206214905","0.4571149945259094","99.5","99","100","0.5807498395442963","0.5802282094955444","0.5812714695930481","99.5","99","100","0.6293753087520599","0.6075478792190552","0.6512027382850647","99.5","99","100","0.5667893886566162","0.5499018430709839","0.5836769342422485"
"34","171.5","170","173","0.41827575862407684","0.3747563362121582","0.4576628506183624","171.5","170","173","0.3672317937016487","0.3364008069038391","0.38535913825035095","171.5","170","173","0.42096047103405","0.35222870111465454","0.46114516258239746","102.5","102","103","0.5332725942134857","0.5267006754875183","0.5398445129394531","102.5","102","103","0.6013154983520508","0.5813988447189331","0.6212321519851685","102.5","102","103","0.5722004473209381","0.556430995464325","0.5879698991775513"
"35","176.5","175","178","0.4589431658387184","0.4281676709651947","0.49331340193748474","176.5","175","178","0.37554335594177246","0.3554913103580475","0.3960080146789551","176.5","175","178","0.4645359367132187","0.4244639277458191","0.4999999403953552","105.5","105","106","0.5958752036094666","0.5147744417190552","0.6769759654998779","105.5","105","106","0.602940022945404","0.5910841226577759","0.6147959232330322","105.5","105","106","0.6119199991226196","0.5477982759475708","0.6760417222976685"
"36","181.5","180","183","0.3882110118865967","0.36986029148101807","0.4157879948616028","181.5","180","183","0.3603992685675621","0.33986353874206543","0.37536898255348206","181.5","180","183","0.4152185842394829","0.38572797179222107","0.4568922221660614","108.5","108","109","0.6167160272598267","0.607216477394104","0.6262155771255493","108.5","108","109","0.5638734698295593","0.5423333644866943","0.5854135751724243","108.5","108","109","0.6028566360473633","0.593833327293396","0.6118799448013306"
"37","186.5","185","188","0.40903815627098083","0.3891518712043762","0.44064515829086304","186.5","185","188","0.3607938066124916","0.3201596736907959","0.3966270089149475","186.5","185","188","0.42503882944583893","0.3863636255264282","0.4611111283302307","111.5","111","112","0.5832859873771667","0.5377551317214966","0.6288168430328369","111.5","111","112","0.6555721759796143","0.6151041984558105","0.696040153503418","111.5","111","112","0.5900071263313293","0.5828125476837158","0.5972017049789429"
"38","191.5","190","193","0.4151332378387451","0.36796408891677856","0.4777108430862427","191.5","190","193","0.3697021082043648","0.33011695742607117","0.45020079612731934","191.5","190","193","0.44244644045829773","0.4113772511482239","0.4796523451805115","114.5","114","115","0.6004008650779724","0.5926870703697205","0.6081146597862244","114.5","114","115","0.6586912870407104","0.6535228490829468","0.6638597249984741","114.5","114","115","0.6217852234840393","0.6215773820877075","0.6219930648803711"
"39","196.5","195","198","0.4502973034977913","0.4399802088737488","0.47117647528648376","196.5","195","198","0.3527287468314171","0.32054924964904785","0.3759689927101135","196.5","195","198","0.42929620295763016","0.4076305031776428","0.4486512541770935","117.5","117","118","0.5995453894138336","0.5872852206230164","0.6118055582046509","117.5","117","118","0.6317176520824432","0.5969387292861938","0.6664965748786926","117.5","117","118","0.6376722157001495","0.6124578714370728","0.6628865599632263"
"40","201.5","200","203","0.4555186778306961","0.40585857629776","0.5139720439910889","201.5","200","203","0.389897421002388","0.36777108907699585","0.4019607901573181","201.5","200","203","0.44892971217632294","0.4121485650539398","0.48196882009506226","120.5","120","121","0.6098538339138031","0.5849854350090027","0.6347222328186035","120.5","120","121","0.6669463515281677","0.6595486402511597","0.6743440628051758","120.5","120","121","0.6558358371257782","0.6418470740318298","0.6698246002197266"
"41","206.5","205","208","0.42819470167160034","0.40329569578170776","0.4644249677658081","206.5","205","208","0.3832586333155632","0.3610784411430359","0.41217565536499023","206.5","205","208","0.43803782016038895","0.4150887727737427","0.44989773631095886","123.5","123","124","0.6473092138767242","0.641869306564331","0.6527491211891174","123.5","123","124","0.6598785817623138","0.6303632259368896","0.689393937587738","123.5","123","124","0.621862381696701","0.5986068844795227","0.6451178789138794"
"42","211.5","210","213","0.4423521161079407","0.40545809268951416","0.466085284948349","211.5","210","213","0.3989148363471031","0.3861904740333557","0.41565656661987305","211.5","210","213","0.4455556124448776","0.40568864345550537","0.48498061299324036","126.5","126","127","0.6491043567657471","0.6365248560905457","0.6616838574409485","126.5","126","127","0.6742105484008789","0.6449122428894043","0.7035088539123535","126.5","126","127","0.6484910249710083","0.6413120031356812","0.6556700468063354"
"43","216.5","215","218","0.4677799865603447","0.4357873201370239","0.5313664674758911","216.5","215","218","0.38472161442041397","0.3184007704257965","0.43372321128845215","216.5","215","218","0.43890731781721115","0.3829365074634552","0.46942800283432007","129.5","129","130","0.6200478672981262","0.5994737148284912","0.6406220197677612","129.5","129","130","0.6682890951633453","0.6369791626930237","0.699599027633667","129.5","129","130","0.623137354850769","0.5937710404396057","0.6525036692619324"
"44","221.5","220","223","0.4564228802919388","0.4365310072898865","0.48042166233062744","221.5","220","223","0.4155552238225937","0.38170498609542847","0.4627976417541504","221.5","220","223","0.46742021292448044","0.45098042488098145","0.4854166507720947","132.5","132","133","0.6391324102878571","0.5993925929069519","0.6788722276687622","132.5","132","133","0.6963033080101013","0.6858646869659424","0.7067419290542603","132.5","132","133","0.6909578740596771","0.6906971335411072","0.6912186145782471"
"45","226.5","225","228","0.46645791828632355","0.4548192620277405","0.4857906103134155","226.5","225","228","0.38197997212409973","0.35961902141571045","0.4004761874675751","226.5","225","228","0.45314130932092667","0.43312501907348633","0.4816955626010895","135.5","135","136","0.6466754376888275","0.6274410486221313","0.6659098267555237","135.5","135","136","0.6759572327136993","0.6727890968322754","0.6791253685951233","135.5","135","136","0.6702036559581757","0.6682984828948975","0.6721088290214539"
"46","231.5","230","233","0.47671032696962357","0.4209551513195038","0.5285568833351135","231.5","230","233","0.40750735253095627","0.37466666102409363","0.4549899995326996","231.5","230","233","0.4740212932229042","0.46282827854156494","0.49530938267707825","138.5","138","139","0.6176854372024536","0.6170176267623901","0.6183532476425171","138.5","138","139","0.6442328989505768","0.6358615756034851","0.6526042222976685","138.5","138","139","0.6152561604976654","0.5898625254631042","0.6406497955322266"
"47","236.5","235","238","0.4331863895058632","0.40352946519851685","0.450598806142807","236.5","235","238","0.40682509541511536","0.3697856068611145","0.4280754327774048","236.5","235","238","0.4746434986591339","0.45823293924331665","0.49441054463386536","141.5","141","142","0.6864421367645264","0.5991253852844238","0.7737588882446289","141.5","141","142","0.6659772992134094","0.587390661239624","0.7445639371871948","141.5","141","142","0.6738452911376953","0.5901846885681152","0.7575058937072754"
"48","241.5","240","243","0.4841650575399399","0.46063217520713806","0.5034930109977722","241.5","240","243","0.4130258783698082","0.38314175605773926","0.4446078836917877","241.5","240","243","0.490304596722126","0.46775150299072266","0.5289421081542969","144.5","144","145","0.6551762223243713","0.6261419057846069","0.6842105388641357","144.5","144","145","0.687457412481308","0.6655505895614624","0.7093642354011536","144.5","144","145","0.6416745781898499","0.6306122541427612","0.6527369022369385"
"49","246.5","245","248","0.46031317114830017","0.432941198348999","0.4935315251350403","246.5","245","248","0.4205732122063637","0.4000997841358185","0.4372255802154541","246.5","245","248","0.47994721680879593","0.45797544717788696","0.5081325173377991","147.5","147","148","0.6568190455436707","0.6433141231536865","0.6703239679336548","147.5","147","148","0.7103460431098938","0.7056608200073242","0.7150312662124634","147.5","147","148","0.6967629194259644","0.6886657476425171","0.7048600912094116"
"50","251.5","250","253","0.4790370985865593","0.4168604612350464","0.5286144018173218","251.5","250","253","0.4014284759759903","0.36539214849472046","0.42674651741981506","251.5","250","253","0.47380977123975754","0.40416666865348816","0.5236625671386719","150.5","150","151","0.7178181409835815","0.7143849730491638","0.7212513089179993","150.5","150","151","0.7315895855426788","0.7255651950836182","0.7376139760017395","150.5","150","151","0.725916713476181","0.7098396420478821","0.74199378490448"
"51","256.5","255","258","0.5193183720111847","0.46735697984695435","0.5669872164726257","256.5","255","258","0.4449908658862114","0.4327683448791504","0.4665643870830536","256.5","255","258","0.5236031860113144","0.5010597109794617","0.5396586060523987","153.5","153","154","0.6348356306552887","0.6224489808082581","0.6472222805023193","153.5","153","154","0.6766277253627777","0.6424398422241211","0.7108156085014343","153.5","153","154","0.677421361207962","0.6723958849906921","0.6824468374252319"
"52","261.5","260","263","0.48881255090236664","0.4557228982448578","0.5205050706863403","261.5","260","263","0.43592580407857895","0.40339145064353943","0.4695608913898468","261.5","260","263","0.5138713717460632","0.5024802088737488","0.5301947593688965","156.5","156","157","0.6974104046821594","0.6896661520004272","0.7051546573638916","156.5","156","157","0.759159505367279","0.7538596391677856","0.7644593715667725","156.5","156","157","0.730241596698761","0.714385986328125","0.746097207069397"
"53","266.5","265","268","0.48327939212322235","0.44928857684135437","0.5013972520828247","266.5","265","268","0.42192645370960236","0.3948343098163605","0.44434696435928345","266.5","265","268","0.5083833783864975","0.48193612694740295","0.5540339946746826","159.5","159","160","0.6989404857158661","0.6857143044471741","0.7121666669845581","159.5","159","160","0.7373711466789246","0.7333333492279053","0.7414089441299438","159.5","159","160","0.7245373427867889","0.7221649289131165","0.7269097566604614"
"54","271.5","270","273","0.5080800577998161","0.46447619795799255","0.5420335531234741","271.5","270","273","0.4488898888230324","0.4015151560306549","0.48281893134117126","271.5","270","273","0.50083277374506","0.40908241271972656","0.5909767150878906","162.5","162","163","0.6920634806156158","0.6726190447807312","0.7115079164505005","162.5","162","163","0.7181712090969086","0.7124366760253906","0.7239057421684265","162.5","162","163","0.6966834962368011","0.6412616968154907","0.7521052956581116"
"55","276.5","275","278","0.4857606887817383","0.4320436716079712","0.5384615659713745","276.5","275","278","0.43778781592845917","0.3883429765701294","0.4893292486667633","276.5","275","278","0.5373744815587997","0.5178571343421936","0.5542168617248535","165.5","165","166","0.6998900175094604","0.6954467296600342","0.7043333053588867","165.5","165","166","0.7465060353279114","0.7281787395477295","0.7648333311080933","165.5","165","166","0.692959189414978","0.6792516708374023","0.7066667079925537"
"56","281.5","280","283","0.47982358932495117","0.43129849433898926","0.5200408697128296","281.5","280","283","0.4120560735464096","0.38740313053131104","0.432445764541626","281.5","280","283","0.5064972043037415","0.483232319355011","0.5321874618530273","168.5","168","169","0.7185835540294647","0.7158145308494568","0.7213525772094727","168.5","168","169","0.7375120222568512","0.7095974087715149","0.7654266357421875","168.5","168","169","0.7084664404392242","0.6966089010238647","0.7203239798545837"
"57","286.5","285","288","0.49424076080322266","0.4854651689529419","0.5034979581832886","286.5","285","288","0.4520098567008972","0.4426470994949341","0.47613412141799927","286.5","285","288","0.5256215184926987","0.4852011203765869","0.5777438879013062","171.5","171","172","0.6882989406585693","0.6616319417953491","0.7149659395217896","171.5","171","172","0.7452912628650665","0.721875011920929","0.7687075138092041","171.5","171","172","0.7455825805664062","0.7175257205963135","0.773639440536499"
"58","291.5","290","293","0.5034178495407104","0.4479674696922302","0.5336477756500244","291.5","290","293","0.4256874769926071","0.40838152170181274","0.45049020648002625","291.5","290","293","0.4967162683606148","0.4616869390010834","0.5280120372772217","174.5","174","175","0.7111528813838959","0.6917933225631714","0.7305124402046204","174.5","174","175","0.7377556264400482","0.7043899297714233","0.7711213231086731","174.5","174","175","0.7318080365657806","0.6683779954910278","0.7952380776405334"
"59","296.5","295","298","0.486813984811306","0.44797977805137634","0.5122807025909424","296.5","295","298","0.4201335683465004","0.3690476417541504","0.4910852611064911","296.5","295","298","0.5217736065387726","0.43145954608917236","0.5922008752822876","177.5","177","178","0.7071694731712341","0.6698944568634033","0.7444444894790649","177.5","177","178","0.72784423828125","0.7065476179122925","0.7491408586502075","177.5","177","178","0.6996280252933502","0.6787698864936829","0.7204861640930176"
"60","301.5","300","303","0.5330276340246201","0.5200803279876709","0.5651696920394897","301.5","300","303","0.47826647758483887","0.43882352113723755","0.522554874420166","301.5","300","303","0.5309265702962875","0.5010784864425659","0.5766260027885437","180.5","180","181","0.7256873846054077","0.6506944894790649","0.8006802797317505","180.5","180","181","0.752108633518219","0.7259649038314819","0.778252363204956","180.5","180","181","0.7323491275310516","0.6864912509918213","0.778207004070282"
"61","306.5","305","308","0.5185274332761765","0.48602795600891113","0.5723270177841187","306.5","305","308","0.42766835540533066","0.38788819313049316","0.45281124114990234","306.5","305","308","0.5277423486113548","0.4731707274913788","0.569978654384613","183.5","183","184","0.7158493399620056","0.7062851190567017","0.7254135608673096","183.5","183","184","0.7449403703212738","0.7342661023139954","0.7556146383285522","183.5","183","184","0.7726857364177704","0.7223345041275024","0.8230369687080383"
"62","311.5","310","313","0.5418825894594193","0.5110101103782654","0.56952965259552","311.5","310","313","0.48837141692638397","0.4592803120613098","0.5035140514373779","311.5","310","313","0.5653817653656006","0.5276134014129639","0.609183669090271","186.5","186","187","0.7209013998508453","0.6786573529243469","0.7631454467773438","186.5","186","187","0.7042622864246368","0.6996272802352905","0.7088972926139832","186.5","186","187","0.7129898071289062","0.7088220715522766","0.7171575427055359"
"63","316.5","315","318","0.49096421152353287","0.4759920835494995","0.5120481848716736","316.5","315","318","0.433087058365345","0.3838889002799988","0.4645708501338959","316.5","315","318","0.4992947354912758","0.47831326723098755","0.5403726696968079","189.5","189","190","0.7305204272270203","0.7216311693191528","0.7394096851348877","189.5","189","190","0.7466989457607269","0.7094501256942749","0.783947765827179","189.5","189","190","0.722923070192337","0.7012280821800232","0.7446180582046509"
"64","321.5","320","323","0.5645008832216263","0.5101120471954346","0.6168674230575562","321.5","320","323","0.5031500682234764","0.4587922692298889","0.5752494931221008","321.5","320","323","0.5467257797718048","0.4455499053001404","0.612500011920929","192.5","192","193","0.7109898924827576","0.6999499201774597","0.7220298647880554","192.5","192","193","0.7399054169654846","0.7305639982223511","0.7492468357086182","192.5","192","193","0.7324655055999756","0.7107522487640381","0.7541787624359131"
"65","326.5","325","328","0.5468675643205643","0.49789273738861084","0.5932748317718506","326.5","325","328","0.5009697526693344","0.4676767587661743","0.543096661567688","326.5","325","328","0.5852024853229523","0.5626543760299683","0.5998964905738831","195.5","195","196","0.7806645035743713","0.7758503556251526","0.7854786515235901","195.5","195","196","0.7786768674850464","0.7756944894790649","0.7816592454910278","195.5","195","196","0.7885902523994446","0.780350923538208","0.7968295812606812"
"66","331.5","330","333","0.5257224887609482","0.4906311631202698","0.590624988079071","331.5","330","333","0.46990568935871124","0.4454365372657776","0.5051124691963196","331.5","330","333","0.5335170403122902","0.4826589524745941","0.606249988079071","198.5","198","199","0.7019894123077393","0.6823784708976746","0.721600353717804","198.5","198","199","0.6958909332752228","0.68152916431427","0.7102527022361755","198.5","198","199","0.6830968856811523","0.6500859260559082","0.7161078453063965"
"67","336.5","335","338","0.5484449714422226","0.5150743126869202","0.5921325087547302","336.5","335","338","0.48159001767635345","0.455136239528656","0.4949799180030823","336.5","335","338","0.5512723922729492","0.4615151286125183","0.5870488286018372","201.5","201","202","0.732677549123764","0.7222222089767456","0.7431328892707825","201.5","201","202","0.7375597357749939","0.7159722447395325","0.7591472268104553","201.5","201","202","0.7450892925262451","0.7053819298744202","0.7847966551780701"
"68","341.5","340","343","0.5274639576673508","0.4806201457977295","0.5588822364807129","341.5","340","343","0.49569641053676605","0.48013973236083984","0.5129740834236145","341.5","340","343","0.5573273748159409","0.5273958444595337","0.6052083373069763","204.5","204","205","0.7685243189334869","0.7524999976158142","0.7845486402511597","204.5","204","205","0.80440354347229","0.7952016592025757","0.8136054277420044","204.5","204","205","0.7842016220092773","0.7658522129058838","0.8025510311126709"
"69","346.5","345","348","0.5797883421182632","0.5609161853790283","0.6013292670249939","346.5","345","348","0.5399042963981628","0.5066252946853638","0.5670658946037292","346.5","345","348","0.5597895383834839","0.5345167517662048","0.5848039388656616","207.5","207","208","0.7379249632358551","0.7042709589004517","0.7715789675712585","207.5","207","208","0.7431781589984894","0.737358808517456","0.7489975094795227","207.5","207","208","0.7377411127090454","0.7171732187271118","0.758309006690979"
"70","351.5","350","353","0.5552417039871216","0.5324186682701111","0.593047022819519","351.5","350","353","0.4909205511212349","0.4775490462779999","0.5021340847015381","351.5","350","353","0.5638855993747711","0.5247024297714233","0.5837500095367432","210.5","210","211","0.7758060395717621","0.7687996029853821","0.7828124761581421","210.5","210","211","0.8007851541042328","0.7852632403373718","0.8163070678710938","210.5","210","211","0.7664896845817566","0.7395833730697632","0.79339599609375"
"71","356.5","355","358","0.5668201893568039","0.535714328289032","0.5892637968063354","356.5","355","358","0.487997904419899","0.46782946586608887","0.5007752180099487","356.5","355","358","0.599658876657486","0.568686842918396","0.6199792623519897","213.5","213","214","0.7577150762081146","0.7367346882820129","0.7786954641342163","213.5","213","214","0.8289850354194641","0.8014787435531616","0.8564913272857666","213.5","213","214","0.7814515829086304","0.769444465637207","0.7934587001800537"
"72","361.5","360","363","0.5640988200902939","0.5275720357894897","0.6164658665657043","361.5","360","363","0.49699439853429794","0.43767672777175903","0.5656565427780151","361.5","360","363","0.5859363079071045","0.556263267993927","0.6148373484611511","216.5","216","217","0.7466402053833008","0.7265625","0.7667179107666016","216.5","216","217","0.8055602610111237","0.7912280559539795","0.8198924660682678","216.5","216","217","0.7526229321956635","0.7355903387069702","0.7696555256843567"
"73","366.5","365","368","0.5795031785964966","0.538923442363739","0.6509146094322205","366.5","365","368","0.5021322593092918","0.45662766695022583","0.5578035116195679","366.5","365","368","0.5601997375488281","0.5312629342079163","0.6102794408798218","219.5","219","220","0.772533118724823","0.7305841445922852","0.8144820928573608","219.5","219","220","0.77065110206604","0.7523809671401978","0.7889212369918823","219.5","219","220","0.7707852423191071","0.7596219778060913","0.7819485068321228"
"74","371.5","370","373","0.578511118888855","0.5487179756164551","0.6415169835090637","371.5","370","373","0.4958791509270668","0.45772355794906616","0.5565476417541504","371.5","370","373","0.5541920512914658","0.5006134510040283","0.6004902124404907","222.5","222","223","0.7319884896278381","0.7073391675949097","0.7566378116607666","222.5","222","223","0.8059349358081818","0.7911458611488342","0.8207240104675293","222.5","222","223","0.7893049716949463","0.7649624347686768","0.8136475086212158"
"75","376.5","375","378","0.5974161773920059","0.5873253345489502","0.61104416847229","376.5","375","378","0.5166134983301163","0.4677264094352722","0.5453251600265503","376.5","375","378","0.5958732068538666","0.4965069890022278","0.6509554386138916","225.5","225","226","0.7770833671092987","0.7701389193534851","0.7840278148651123","225.5","225","226","0.7876204252243042","0.7675347328186035","0.8077061176300049","225.5","225","226","0.7737337350845337","0.7597938179969788","0.7876736521720886"
"76","381.5","380","383","0.5586925894021988","0.5211501121520996","0.6015059947967529","381.5","380","383","0.4978027939796448","0.4626177251338959","0.5399597883224487","381.5","380","383","0.5911491513252258","0.5640196204185486","0.65604168176651","228.5","228","229","0.74237459897995","0.7378419637680054","0.7469072341918945","228.5","228","229","0.7886601686477661","0.7820078134536743","0.7953125238418579","228.5","228","229","0.7853153944015503","0.778174638748169","0.7924561500549316"
"77","386.5","385","388","0.586356446146965","0.5084362030029297","0.6574956178665161","386.5","385","388","0.5213947594165802","0.4767676591873169","0.5717209577560425","386.5","385","388","0.6006158292293549","0.5196319222450256","0.6659595966339111","231.5","231","232","0.7835379242897034","0.7706348896026611","0.7964409589767456","231.5","231","232","0.7620458602905273","0.7072655558586121","0.8168261647224426","231.5","231","232","0.7798579335212708","0.769444465637207","0.7902714014053345"
"78","391.5","390","393","0.6132260859012604","0.5995357632637024","0.6442029476165771","391.5","390","393","0.5192239806056023","0.4991828501224518","0.5373015999794006","391.5","390","393","0.6012893915176392","0.550099790096283","0.631944477558136","234.5","234","235","0.7667858302593231","0.7546115517616272","0.778960108757019","234.5","234","235","0.7880176305770874","0.7468494176864624","0.8291858434677124","234.5","234","235","0.7540235221385956","0.7192400097846985","0.7888070344924927"
"79","396.5","395","398","0.563028410077095","0.5185858607292175","0.600504994392395","396.5","395","398","0.4825846180319786","0.4511110782623291","0.5389221906661987","396.5","395","398","0.5782732367515564","0.5399795174598694","0.605944812297821","237.5","237","238","0.7652312517166138","0.7650110721588135","0.7654514312744141","237.5","237","238","0.8220152258872986","0.8055555820465088","0.8384748697280884","237.5","237","238","0.7938964664936066","0.7784391641616821","0.809353768825531"
"80","401.5","400","403","0.6134566068649292","0.5626746416091919","0.6838510036468506","401.5","400","403","0.5099918991327286","0.45250481367111206","0.5622093081474304","401.5","400","403","0.5870087593793869","0.5366053581237793","0.652337372303009","240.5","240","241","0.7708900272846222","0.7584962844848633","0.7832837700843811","240.5","240","241","0.7820147573947906","0.7504134178161621","0.8136160969734192","240.5","240","241","0.8085998892784119","0.7935422658920288","0.8236575126647949"
"81","406.5","405","408","0.5970379710197449","0.5622428059577942","0.6364087462425232","406.5","405","408","0.5411767810583115","0.503333330154419","0.5898990035057068","406.5","405","408","0.605674222111702","0.5711110830307007","0.6330320835113525","243.5","243","244","0.7665132284164429","0.7653534412384033","0.7676730155944824","243.5","243","244","0.8110614717006683","0.8007680773735046","0.821354866027832","243.5","243","244","0.7993562817573547","0.7960739135742188","0.8026386499404907"
"82","411.5","410","413","0.6165535897016525","0.5654618144035339","0.6796178817749023","411.5","410","413","0.5116709023714066","0.4597538113594055","0.57962965965271","411.5","410","413","0.6104975640773773","0.5714706182479858","0.6787974834442139","246.5","246","247","0.7584606409072876","0.7270833253860474","0.7898379564285278","246.5","246","247","0.8078350126743317","0.7451889514923096","0.8704810738563538","246.5","246","247","0.7893516719341278","0.7604166865348816","0.818286657333374"
"83","416.5","415","418","0.5917069166898727","0.5479296445846558","0.6351625919342041","416.5","415","418","0.541066363453865","0.4819105267524719","0.6035352945327759","416.5","415","418","0.6053088158369064","0.5215624570846558","0.6986372470855713","249.5","249","250","0.806517481803894","0.777270495891571","0.835764467716217","249.5","249","250","0.8468865156173706","0.8177579641342163","0.8760150671005249","249.5","249","250","0.8335257470607758","0.8259371519088745","0.841114342212677"
"84","421.5","420","423","0.5726904198527336","0.48898813128471375","0.6158536076545715","421.5","420","423","0.5044557005167007","0.470040887594223","0.5619791746139526","421.5","420","423","0.5882338881492615","0.5653209090232849","0.6308279037475586","252.5","252","253","0.8240619599819183","0.8103723526000977","0.837751567363739","252.5","252","253","0.8132923245429993","0.8048104643821716","0.8217741847038269","252.5","252","253","0.8313004076480865","0.8185283541679382","0.8440724611282349"
"85","426.5","425","428","0.5921123623847961","0.5730690956115723","0.6035196781158447","426.5","425","428","0.5526746809482574","0.5205588936805725","0.6072043180465698","426.5","425","428","0.6458288282155991","0.6090062260627747","0.6656798124313354","255.5","255","256","0.7804436087608337","0.778900682926178","0.7819865345954895","255.5","255","256","0.8346901834011078","0.8304347991943359","0.8389455676078796","255.5","255","256","0.7894250154495239","0.7824214696884155","0.7964285612106323"
"86","431.5","430","433","0.6126721352338791","0.5861290693283081","0.6574310064315796","431.5","430","433","0.5190854892134666","0.4954926371574402","0.5450505018234253","431.5","430","433","0.6317048370838165","0.5766063928604126","0.6688271760940552","258.5","258","259","0.804928332567215","0.7993196845054626","0.8105369806289673","258.5","258","259","0.8210152387619019","0.8129630088806152","0.8290674686431885","258.5","258","259","0.8072762787342072","0.772296667098999","0.8422558903694153"
"87","436.5","435","438","0.6368663012981415","0.5656746029853821","0.6931138038635254","436.5","435","438","0.5585788264870644","0.496036559343338","0.60429447889328","436.5","435","438","0.6375460475683212","0.6123958826065063","0.6588050127029419","261.5","261","262","0.7894799411296844","0.7662699222564697","0.8126899600028992","261.5","261","262","0.8088172972202301","0.8040852546691895","0.8135493397712708","261.5","261","262","0.7775173783302307","0.7602182626724243","0.7948164939880371"
"88","441.5","440","443","0.620827928185463","0.5838509798049927","0.6685065031051636","441.5","440","443","0.5533267110586166","0.5063725709915161","0.5960215330123901","441.5","440","443","0.6320619881153107","0.581124484539032","0.66522216796875","264.5","264","265","0.8233498930931091","0.8157986402511597","0.8309011459350586","264.5","264","265","0.837123841047287","0.8099489808082581","0.8642987012863159","264.5","264","265","0.8086952269077301","0.789776623249054","0.8276138305664062"
"89","446.5","445","448","0.6402231007814407","0.6039337515830994","0.6724899411201477","446.5","445","448","0.581826314330101","0.5594791769981384","0.6042682528495789","446.5","445","448","0.6554502695798874","0.59110426902771","0.7053124904632568","267.5","267","268","0.8058803677558899","0.7930107116699219","0.8187500238418579","267.5","267","268","0.809796929359436","0.8056763410568237","0.8139175176620483","267.5","267","268","0.81682088971138","0.8018041253089905","0.8318376541137695"
"90","451.5","450","453","0.6067961603403091","0.5635541677474976","0.6429013013839722","451.5","450","453","0.5487426221370697","0.5181547403335571","0.607921838760376","451.5","450","453","0.6295961886644363","0.6154914498329163","0.6530591249465942","270.5","270","271","0.7939144670963287","0.7934707403182983","0.7943581938743591","270.5","270","271","0.8574005961418152","0.8540351390838623","0.8607660531997681","270.5","270","271","0.8065096437931061","0.8021276593208313","0.8108916282653809"
"91","456.5","455","458","0.6418708264827728","0.6167664527893066","0.6591397523880005","456.5","455","458","0.546976774930954","0.5287255048751831","0.5908183455467224","456.5","455","458","0.6534904837608337","0.6242690086364746","0.6808176040649414","273.5","273","274","0.8150210380554199","0.8077016472816467","0.8223404288291931","273.5","273","274","0.845327615737915","0.8173469305038452","0.8733083009719849","273.5","273","274","0.8373305797576904","0.8024054765701294","0.8722556829452515"
"92","461.5","460","463","0.636044517159462","0.5877529978752136","0.6550540328025818","461.5","460","463","0.5624727755784988","0.5338541865348816","0.5995984077453613","461.5","460","463","0.6436977088451385","0.5778100490570068","0.6876488327980042","276.5","276","277","0.8327529728412628","0.8069149255752563","0.8585910201072693","276.5","276","277","0.8576526045799255","0.8350515365600586","0.8802536725997925","276.5","276","277","0.8305458128452301","0.8182970881462097","0.8427945375442505"
"93","466.5","465","468","0.6771411895751953","0.637991726398468","0.7145962715148926","466.5","465","468","0.5759362280368805","0.5033131837844849","0.6412551403045654","466.5","465","468","0.6632256507873535","0.5729540586471558","0.6991397738456726","279.5","279","280","0.8387784063816071","0.837732195854187","0.8398246169090271","279.5","279","280","0.8738791942596436","0.8737232685089111","0.874035120010376","279.5","279","280","0.8554690182209015","0.8449805974960327","0.8659574389457703"
"94","471.5","470","473","0.6638837903738022","0.6141025424003601","0.6951476335525513","471.5","470","473","0.591395303606987","0.5561507940292358","0.6389240622520447","471.5","470","473","0.6557410806417465","0.6194444894790649","0.6896226406097412","282.5","282","283","0.7668661773204803","0.7410470843315125","0.7926852703094482","282.5","282","283","0.8179645538330078","0.8177711963653564","0.8181579113006592","282.5","282","283","0.8121366202831268","0.8002631664276123","0.8240100741386414"
"95","476.5","475","478","0.6830091625452042","0.637851357460022","0.7123141884803772","476.5","475","478","0.5860870182514191","0.552642285823822","0.6243433952331543","476.5","475","478","0.6837204098701477","0.6366255283355713","0.7311403751373291","285.5","285","286","0.8356751799583435","0.8031661510467529","0.8681842088699341","285.5","285","286","0.8468104600906372","0.8287719488143921","0.8648489713668823","285.5","285","286","0.8462749719619751","0.8441628217697144","0.8483871221542358"
"96","481.5","480","483","0.6871199905872345","0.6635315418243408","0.7163522243499756","481.5","480","483","0.5842242240905762","0.5284289121627808","0.6414141058921814","481.5","480","483","0.6763110607862473","0.6548958420753479","0.6961039304733276","288.5","288","289","0.8140850067138672","0.791847825050354","0.8363221883773804","288.5","288","289","0.8615942001342773","0.8356884121894836","0.887499988079071","288.5","288","289","0.8156557977199554","0.8075268864631653","0.8237847089767456"
"97","486.5","485","488","0.6683188229799271","0.5977182388305664","0.698387086391449","486.5","485","488","0.5936465561389923","0.540918231010437","0.6437106728553772","486.5","485","488","0.6738956570625305","0.6455696225166321","0.7111110687255859","291.5","291","292","0.8307076096534729","0.7961519956588745","0.8652632236480713","291.5","291","292","0.8546616733074188","0.8359106183052063","0.8734127283096313","291.5","291","292","0.869788259267807","0.8427343368530273","0.8968421816825867"
"98","491.5","490","493","0.6630010902881622","0.5801440477371216","0.730876088142395","491.5","490","493","0.5891072750091553","0.529321014881134","0.630021333694458","491.5","490","493","0.6812733113765717","0.6222929954528809","0.743708610534668","294.5","294","295","0.8507286012172699","0.8169959187507629","0.8844612836837769","294.5","294","295","0.8924098014831543","0.8511278629302979","0.9336917400360107","294.5","294","295","0.8863255083560944","0.870548665523529","0.9021023511886597"
"99","496.5","495","498","0.680927038192749","0.621515154838562","0.744880199432373","496.5","495","498","0.6022258698940277","0.5718181729316711","0.6303125023841858","496.5","495","498","0.6834631413221359","0.6735173463821411","0.7020562887191772","297.5","297","298","0.8536907732486725","0.8225694894790649","0.88481205701828","297.5","297","298","0.8718325197696686","0.8442106246948242","0.8994544148445129","297.5","297","298","0.8561452031135559","0.8544672727584839","0.8578231334686279"
"100","501.5","500","503","0.6806260049343109","0.6036809682846069","0.7132716178894043","501.5","500","503","0.5846560448408127","0.5621485710144043","0.6171875","501.5","500","503","0.6782727986574173","0.631573498249054","0.7225309014320374","300.5","300","301","0.8504344820976257","0.8306934833526611","0.8701754808425903","300.5","300","301","0.8877973556518555","0.8873100280761719","0.8882846832275391","300.5","300","301","0.8883966505527496","0.8753749132156372","0.9014183878898621"
"101","506.5","505","508","0.718228280544281","0.6775315999984741","0.7544989585876465","506.5","505","508","0.5745961219072342","0.5162500143051147","0.6272256970405579","506.5","505","508","0.7025958895683289","0.6340670585632324","0.747560977935791","303.5","303","304","0.8628920018672943","0.860971987247467","0.8648120164871216","303.5","303","304","0.8946341872215271","0.880721926689148","0.9085464477539062","303.5","303","304","0.8470301032066345","0.8314787149429321","0.8625814914703369"
"102","511.5","510","513","0.7282704859972","0.705345869064331","0.7388527989387512","511.5","510","513","0.6072743535041809","0.5523391962051392","0.6516878008842468","511.5","510","513","0.6901579648256302","0.6428874731063843","0.7170995473861694","306.5","306","307","0.8445075452327728","0.8395585417747498","0.8494565486907959","306.5","306","307","0.8861953914165497","0.877518892288208","0.8948718905448914","306.5","306","307","0.8713427782058716","0.8668458461761475","0.8758397102355957"
"103","516.5","515","518","0.6703817695379257","0.6108649969100952","0.7012499570846558","516.5","515","518","0.5806939750909805","0.501717209815979","0.6330302953720093","516.5","515","518","0.6768234223127365","0.6315171122550964","0.728205144405365","309.5","309","310","0.8664411902427673","0.8423559665679932","0.8905264139175415","309.5","309","310","0.8692140281200409","0.8351823687553406","0.9032456874847412","309.5","309","310","0.8410325050354004","0.8361683487892151","0.8458966612815857"
"104","521.5","520","523","0.7495256960391998","0.7116869688034058","0.8036324977874756","521.5","520","523","0.609953448176384","0.5685654282569885","0.6551687717437744","521.5","520","523","0.7050871849060059","0.6830168962478638","0.7166666984558105","312.5","312","313","0.8814411759376526","0.8725314140319824","0.8903509378433228","312.5","312","313","0.9003770351409912","0.8957895040512085","0.9049645662307739","312.5","312","313","0.8950793147087097","0.8805841207504272","0.9095745086669922"
"105","526.5","525","528","0.7052824646234512","0.6563596725463867","0.8033332824707031","526.5","525","528","0.6036937832832336","0.57962965965271","0.6270706653594971","526.5","525","528","0.7123968750238419","0.6759834289550781","0.7760770916938782","315.5","315","316","0.8759216666221619","0.8493343591690063","0.9025089740753174","315.5","315","316","0.9283154010772705","0.9283154010772705","0.9283154010772705","315.5","315","316","0.8703507781028748","0.8618794679641724","0.8788220882415771"
"106","531.5","530","533","0.7565053403377533","0.6944079399108887","0.8107594847679138","531.5","530","533","0.6120237410068512","0.5669772624969482","0.6655555367469788","531.5","530","533","0.72377710044384","0.6876041889190674","0.774367094039917","318.5","318","319","0.8559922277927399","0.8517917990684509","0.8601926565170288","318.5","318","319","0.8694645762443542","0.8248188495635986","0.9141103029251099","318.5","318","319","0.8694563508033752","0.8388315439224243","0.9000811576843262"
"107","536.5","535","538","0.7351199835538864","0.7061181664466858","0.7890350818634033","536.5","535","538","0.6231191456317902","0.566696286201477","0.664197564125061","536.5","535","538","0.7578471899032593","0.7316371202468872","0.7941240072250366","321.5","321","322","0.8565592765808105","0.796477198600769","0.916641354560852","321.5","321","322","0.9084384441375732","0.8835688829421997","0.9333080053329468","321.5","321","322","0.896752804517746","0.857944905757904","0.9355607032775879"
"108","541.5","540","543","0.7524881958961487","0.7098485231399536","0.7923159599304199","541.5","540","543","0.6214509159326553","0.5750980973243713","0.6548484563827515","541.5","540","543","0.7546623051166534","0.7071875333786011","0.7991397380828857","324.5","324","325","0.8488596975803375","0.8154386281967163","0.8822807669639587","324.5","324","325","0.9007923007011414","0.883865237236023","0.9177193641662598","324.5","324","325","0.847858190536499","0.823437511920929","0.8722788691520691"
"109","546.5","545","548","0.7466831803321838","0.7164473533630371","0.8026316165924072","546.5","545","548","0.6340474933385849","0.5928714871406555","0.709433913230896","546.5","545","548","0.7105441838502884","0.6664633750915527","0.7510684132575989","327.5","327","328","0.8787634074687958","0.8489246964454651","0.9086021184921265","327.5","327","328","0.8823864459991455","0.8539931178092957","0.9107797741889954","327.5","327","328","0.8927702307701111","0.8604609966278076","0.9250794649124146"
"110","551.5","550","553","0.7766785174608231","0.7491507530212402","0.7903628349304199","551.5","550","553","0.6196356415748596","0.5694105625152588","0.6522875428199768","551.5","550","553","0.7550412714481354","0.7055555582046509","0.8011037707328796","330.5","330","331","0.881806492805481","0.8718031644821167","0.8918098211288452","330.5","330","331","0.9133852124214172","0.9046099185943604","0.9221605062484741","330.5","330","331","0.8858484625816345","0.8765432834625244","0.8951536417007446"
"111","556.5","555","558","0.7730924785137177","0.725534200668335","0.8194622993469238","556.5","555","558","0.6383020430803299","0.5955761671066284","0.6966874003410339","556.5","555","558","0.7255478948354721","0.6896090507507324","0.7551440596580505","333.5","333","334","0.8783358335494995","0.870312511920929","0.8863591551780701","333.5","333","334","0.9157444834709167","0.9036818742752075","0.927807092666626","333.5","333","334","0.9100777208805084","0.9019097685813904","0.9182456731796265"
"112","561.5","560","563","0.7366043478250504","0.709224283695221","0.7801688313484192","561.5","560","563","0.6311919242143631","0.5794055461883545","0.6654691100120544","561.5","560","563","0.7486730068922043","0.6990385055541992","0.7872146368026733","336.5","336","337","0.9017572999000549","0.8872272372245789","0.916287362575531","336.5","336","337","0.9076781868934631","0.892096221446991","0.9232601523399353","336.5","336","337","0.8853153586387634","0.8636398315429688","0.9069908857345581"
"113","566.5","565","568","0.7728672921657562","0.7126789093017578","0.81954026222229","566.5","565","568","0.6523511707782745","0.6016864776611328","0.6895424723625183","566.5","565","568","0.7769174724817276","0.6791666746139526","0.8498873710632324","339.5","339","340","0.8874792754650116","0.8722990155220032","0.90265953540802","339.5","339","340","0.91846564412117","0.894444465637207","0.9424868226051331","339.5","339","340","0.8858730792999268","0.8597285747528076","0.9120175838470459"
"114","571.5","570","573","0.768012523651123","0.7377036809921265","0.8016771078109741","571.5","570","573","0.6818106025457382","0.6566449403762817","0.7208588719367981","571.5","570","573","0.7515767961740494","0.7219239473342896","0.7664608955383301","342.5","342","343","0.8833523094654083","0.8715171813964844","0.8951874375343323","342.5","342","343","0.8913115561008453","0.8696925044059753","0.9129306077957153","342.5","342","343","0.9196239113807678","0.9185917377471924","0.9206560850143433"
"115","576.5","575","578","0.7730444967746735","0.7430998086929321","0.7995495796203613","576.5","575","578","0.6465691328048706","0.6040160655975342","0.6692546606063843","576.5","575","578","0.7449649423360825","0.7223290801048279","0.759381890296936","345.5","345","346","0.8793069124221802","0.874193549156189","0.8844202756881714","345.5","345","346","0.9342874884605408","0.914130449295044","0.9544445276260376","345.5","345","346","0.9032086431980133","0.898717999458313","0.9076992869377136"
"116","581.5","580","583","0.7916913330554962","0.7545731663703918","0.8530611991882324","581.5","580","583","0.6826117187738419","0.6234567761421204","0.7342404127120972","581.5","580","583","0.7667930573225021","0.7329977750778198","0.7808642387390137","348.5","348","349","0.880076140165329","0.8584228754043579","0.9017294049263","348.5","348","349","0.9474997818470001","0.9176587462425232","0.977340817451477","348.5","348","349","0.8990857005119324","0.8749504089355469","0.9232209920883179"
"117","586.5","585","588","0.8013989627361298","0.7472223043441772","0.839662492275238","586.5","585","588","0.685846745967865","0.6666666269302368","0.7060878276824951","586.5","585","588","0.7998393326997757","0.7711329460144043","0.8276689052581787","351.5","351","352","0.8868698477745056","0.8756140470504761","0.8981256484985352","351.5","351","352","0.938297837972641","0.9193262457847595","0.9572694301605225","351.5","351","352","0.9213597178459167","0.913421094417572","0.9292983412742615"
"118","591.5","590","593","0.8123368173837662","0.7733122706413269","0.8389261960983276","591.5","590","593","0.6893007308244705","0.6691918969154358","0.7067741751670837","591.5","590","593","0.8082922697067261","0.7654762268066406","0.8504565954208374","354.5","354","355","0.9045030176639557","0.9005830883979797","0.9084229469299316","354.5","354","355","0.9254043698310852","0.9218971729278564","0.928911566734314","354.5","354","355","0.9039768278598785","0.8971380591392517","0.9108155965805054"
"119","596.5","595","598","0.8101404905319214","0.7822580933570862","0.8260869383811951","596.5","595","598","0.7023969739675522","0.630403995513916","0.7402336001396179","596.5","595","598","0.8182288855314255","0.7598393559455872","0.8963963985443115","357.5","357","358","0.8883261382579803","0.8580755591392517","0.918576717376709","357.5","357","358","0.9516861140727997","0.9475937485694885","0.9557784795761108","357.5","357","358","0.9078146517276764","0.902430534362793","0.9131987690925598"
"120","601.5","600","603","0.799227774143219","0.7439490556716919","0.8253164887428284","601.5","600","603","0.6725118607282639","0.6364891529083252","0.7268816828727722","601.5","600","603","0.7778250724077225","0.7311181426048279","0.8012820482254028","360.5","360","361","0.9074097871780396","0.9041666984558105","0.9106528759002686","360.5","360","361","0.9530860781669617","0.936347484588623","0.9698246717453003","360.5","360","361","0.9388317167758942","0.9280142188072205","0.9496492147445679"
"121","606.5","605","608","0.8177157938480377","0.7742919921875","0.8578556776046753","606.5","605","608","0.7066149711608887","0.659583330154419","0.7323107719421387","606.5","605","608","0.8112495094537735","0.7641935348510742","0.855555534362793","363.5","363","364","0.9225911498069763","0.9064103364944458","0.9387719631195068","363.5","363","364","0.9351157248020172","0.9314035773277283","0.9388278722763062","363.5","363","364","0.9166505038738251","0.9045289754867554","0.9287720322608948"
"122","611.5","610","613","0.8057549893856049","0.7916666865348816","0.8173202872276306","611.5","610","613","0.7059903740882874","0.6446921229362488","0.7622863054275513","611.5","610","613","0.8276800215244293","0.808012843132019","0.8497806787490845","366.5","366","367","0.9045324921607971","0.8892732858657837","0.9197916984558105","366.5","366","367","0.9247506856918335","0.9234375357627869","0.9260638356208801","366.5","366","367","0.9283166229724884","0.9213541746139526","0.9352790713310242"
"123","616.5","615","618","0.8327244222164154","0.8150104284286499","0.8473117351531982","616.5","615","618","0.6920614242553711","0.6277120113372803","0.7579268217086792","616.5","615","618","0.8116315305233002","0.7949461936950684","0.8312236070632935","369.5","369","370","0.8986113667488098","0.8910527229309082","0.9061700105667114","369.5","369","370","0.955683559179306","0.9452381134033203","0.9661290049552917","369.5","369","370","0.9080348908901215","0.9071930050849915","0.9088767766952515"
"124","621.5","620","623","0.860431507229805","0.8034188747406006","0.9242825508117676","621.5","620","623","0.7307006120681763","0.6507246494293213","0.7957806587219238","621.5","620","623","0.8343998938798904","0.779321014881134","0.8910000324249268","372.5","372","373","0.8717457056045532","0.8433159589767456","0.9001754522323608","372.5","372","373","0.9809225797653198","0.9721015095710754","0.9897436499595642","372.5","372","373","0.9324442446231842","0.9237594604492188","0.9411290287971497"
"125","626.5","625","628","0.8212279379367828","0.7696077823638916","0.8614583611488342","626.5","625","628","0.7095499187707901","0.6671907901763916","0.7745161056518555","626.5","625","628","0.8482786118984222","0.7958056926727295","0.8908450603485107","375.5","375","376","0.9044675230979919","0.8912186622619629","0.917716383934021","375.5","375","376","0.9449325203895569","0.9425499439239502","0.9473150968551636","375.5","375","376","0.9482300877571106","0.936347484588623","0.9601126909255981"
"126","631.5","630","633","0.8686512559652328","0.8419355154037476","0.9082207083702087","631.5","630","633","0.7456419914960861","0.7123655676841736","0.7843201160430908","631.5","630","633","0.8374985903501511","0.7751655578613281","0.8873287439346313","378.5","378","379","0.9151939153671265","0.9031233787536621","0.9272644519805908","378.5","378","379","0.9411553144454956","0.9274193048477173","0.9548913240432739","378.5","378","379","0.9322867393493652","0.9148550629615784","0.9497184157371521"
"127","636.5","635","638","0.8553735166788101","0.8429487943649292","0.873379647731781","636.5","635","638","0.7298277169466019","0.7131578922271729","0.7592105269432068","636.5","635","638","0.8414920419454575","0.803983211517334","0.8877933621406555","381.5","381","382","0.9185214042663574","0.917697548866272","0.9193452596664429","381.5","381","382","0.9329009354114532","0.930442214012146","0.9353596568107605","381.5","381","382","0.9260646998882294","0.9227890968322754","0.9293403029441833"
"128","641.5","640","643","0.891361340880394","0.8639066219329834","0.9131346940994263","641.5","640","643","0.7404585480690002","0.6918238997459412","0.8020169734954834","641.5","640","643","0.8590815663337708","0.821677565574646","0.9008889198303223","384.5","384","385","0.9111202359199524","0.8995488882064819","0.9226915836334229","384.5","384","385","0.9517103731632233","0.939007043838501","0.9644137024879456","384.5","384","385","0.9170113503932953","0.8985815048217773","0.9354411959648132"
"129","646.5","645","648","0.867326632142067","0.8265981674194336","0.9082207083702087","646.5","645","648","0.7241549491882324","0.7128692269325256","0.7360248565673828","646.5","645","648","0.8587155640125275","0.8371964693069458","0.8924349546432495","387.5","387","388","0.9460377395153046","0.917881965637207","0.9741935133934021","387.5","387","388","0.9559149742126465","0.9535842537879944","0.9582456946372986","387.5","387","388","0.9561318159103394","0.9486111402511597","0.963652491569519"
"130","651.5","650","653","0.8522332906723022","0.8246187567710876","0.9169811010360718","651.5","650","653","0.7366170585155487","0.6922996044158936","0.7787601351737976","651.5","650","653","0.8604027479887009","0.7890322208404541","0.914977490901947","390.5","390","391","0.9261956512928009","0.9242907762527466","0.9281005263328552","390.5","390","391","0.9679851531982422","0.9601852893829346","0.9757850170135498","390.5","390","391","0.9778486788272858","0.9747191071510315","0.98097825050354"
"131","656.5","655","658","0.8906342387199402","0.8629754781723022","0.906531572341919","656.5","655","658","0.7509567141532898","0.7127882242202759","0.7762054204940796","656.5","655","658","0.871679812669754","0.8295454382896423","0.9108108282089233","393.5","393","394","0.9108209908008575","0.9019927978515625","0.9196491837501526","393.5","393","394","0.9370647370815277","0.9295679926872253","0.9445614814758301","393.5","393","394","0.945281982421875","0.9417544007301331","0.9488095641136169"
"132","661.5","660","663","0.8646718561649323","0.8398550748825073","0.8913753032684326","661.5","660","663","0.7349405437707901","0.6474522352218628","0.7831034064292908","661.5","660","663","0.8474018275737762","0.8263101577758789","0.8719178438186646","396.5","396","397","0.9285949170589447","0.9018707275390625","0.9553191065788269","396.5","396","397","0.9393615126609802","0.9284722805023193","0.9502507448196411","396.5","396","397","0.9306334257125854","0.9192708730697632","0.9419959783554077"
"133","666.5","665","668","0.9007891267538071","0.8542793393135071","0.9355555772781372","666.5","665","668","0.7460791766643524","0.7240853309631348","0.7656600475311279","666.5","665","668","0.8693245649337769","0.8369565606117249","0.9278523921966553","399.5","399","400","0.9282437860965729","0.9147118330001831","0.9417757391929626","399.5","399","400","0.9656644463539124","0.9638596773147583","0.9674692153930664","399.5","399","400","0.9407749474048615","0.9287720918655396","0.9527778029441833"
"134","671.5","670","673","0.8731714636087418","0.8422818779945374","0.9088888764381409","671.5","670","673","0.7686167061328888","0.7636865377426147","0.7712419033050537","671.5","670","673","0.8668747097253799","0.8435483574867249","0.9067329168319702","402.5","402","403","0.9501513242721558","0.9293348789215088","0.9709677696228027","402.5","402","403","0.945974737405777","0.9209219813346863","0.9710274934768677","402.5","402","403","0.9604770541191101","0.9573016166687012","0.963652491569519"
"135","676.5","675","678","0.9118647575378418","0.896532416343689","0.9238095283508301","676.5","675","678","0.8136283457279205","0.7853249311447144","0.8411949872970581","676.5","675","678","0.9001680314540863","0.8717532157897949","0.9340527653694153","405.5","405","406","0.9339997172355652","0.9250916242599487","0.9429078102111816","405.5","405","406","0.9630269110202789","0.9563406109809875","0.9697132110595703","405.5","405","406","0.9315972626209259","0.9215278029441833","0.9416667222976685"
"136","681.5","680","683","0.8865998089313507","0.8463440537452698","0.9166666269302368","681.5","680","683","0.7478131055831909","0.6774747371673584","0.7884289026260376","681.5","680","683","0.8953515142202377","0.8706401586532593","0.9091954231262207","408.5","408","409","0.9259820878505707","0.9198588132858276","0.9321053624153137","408.5","408","409","0.9149612784385681","0.9104037284851074","0.9195188283920288","408.5","408","409","0.9549548327922821","0.949259340763092","0.9606503248214722"
"137","686.5","685","688","0.9026341438293457","0.864801824092865","0.9365516901016235","686.5","685","688","0.7985741347074509","0.7800424695014954","0.8158009052276611","686.5","685","688","0.8895537704229355","0.8778153657913208","0.8970917463302612","411.5","411","412","0.9556094408035278","0.9332098960876465","0.9780089855194092","411.5","411","412","0.9514873921871185","0.9474014043807983","0.9555733799934387","411.5","411","412","0.9759754538536072","0.9668499231338501","0.9851009845733643"
"138","691.5","690","693","0.924807533621788","0.880089521408081","0.9714765548706055","691.5","690","693","0.7831813395023346","0.76341712474823","0.8030591011047363","691.5","690","693","0.8891757130622864","0.8653333187103271","0.9014639854431152","414.5","414","415","0.9408328831195831","0.9228938221931458","0.9587719440460205","414.5","414","415","0.9851378202438354","0.9829229116439819","0.987352728843689","414.5","414","415","0.9757477641105652","0.9676245450973511","0.9838709831237793"
"139","696.5","695","698","0.9413438886404037","0.9149184226989746","0.9604761600494385","696.5","695","698","0.8049020171165466","0.7839912176132202","0.8445205688476562","696.5","695","698","0.9178145974874496","0.8790509700775146","0.9498817920684814","417.5","417","418","0.9611413478851318","0.9472826719284058","0.9750000238418579","417.5","417","418","0.9676207304000854","0.9664815664291382","0.9687598943710327","417.5","417","418","0.9531733095645905","0.9338828325271606","0.9724637866020203"
"140","701.5","700","703","0.9297393262386322","0.9075963497161865","0.9432624578475952","701.5","700","703","0.8067797124385834","0.7853333950042725","0.8285256624221802","701.5","700","703","0.887766420841217","0.8267108201980591","0.936170220375061","420.5","420","421","0.9591689109802246","0.9388315677642822","0.979506254196167","420.5","420","421","0.9885417222976685","0.9798611402511597","0.9972223043441772","420.5","420","421","0.9507302343845367","0.9416667222976685","0.959793746471405"
"141","706.5","705","708","0.9331563860177994","0.9085081815719604","0.9513605237007141","706.5","705","708","0.8329621851444244","0.8013901710510254","0.8592222332954407","706.5","705","708","0.9137619882822037","0.8611111640930176","0.9519867300987244","423.5","423","424","0.9230196475982666","0.9175724983215332","0.928466796875","423.5","423","424","0.9604265093803406","0.9345892667770386","0.9862637519836426","423.5","423","424","0.9509595632553101","0.9412963390350342","0.9606227874755859"
"142","711.5","710","713","0.9234402626752853","0.8773148655891418","0.9662162661552429","711.5","710","713","0.8334278613328934","0.8120805621147156","0.8717532753944397","711.5","710","713","0.9149128645658493","0.8866666555404663","0.9393736720085144","426.5","426","427","0.9544111490249634","0.9293484687805176","0.9794738292694092","426.5","426","427","0.9681609570980072","0.9499744176864624","0.986347496509552","426.5","426","427","0.961088091135025","0.9585921764373779","0.9635840058326721"
"143","716.5","715","718","0.9527739733457565","0.9414414763450623","0.9620689749717712","716.5","715","718","0.8267747014760971","0.7976974248886108","0.8631110787391663","716.5","715","718","0.9246837496757507","0.8911564350128174","0.9417793154716492","429.5","429","430","0.9823054075241089","0.9702247381210327","0.9943860769271851","429.5","429","430","0.9778435230255127","0.9705992937088013","0.9850877523422241","429.5","429","430","0.9688665866851807","0.9680702686309814","0.9696629047393799"
"144","721.5","720","723","0.9378829896450043","0.8951435089111328","0.964553952217102","721.5","720","723","0.8429774940013885","0.8284946084022522","0.8506802320480347","721.5","720","723","0.9461304545402527","0.912390410900116","0.9669013023376465","432.5","432","433","0.969030112028122","0.9619963765144348","0.9760638475418091","432.5","432","433","0.9808632135391235","0.9746296405792236","0.9870967864990234","432.5","432","433","0.9533834457397461","0.925868034362793","0.9808988571166992"
"145","726.5","725","728","0.962016150355339","0.9371365308761597","0.9845890402793884","726.5","725","728","0.863323986530304","0.8245223164558411","0.905333399772644","726.5","725","728","0.9471406191587448","0.9133554697036743","0.9798121452331543","435.5","435","436","0.9517010748386383","0.9280797243118286","0.975322425365448","435.5","435","436","0.9851774573326111","0.9772213697433472","0.993133544921875","435.5","435","436","0.9635210037231445","0.957037091255188","0.9700049161911011"
"146","731.5","730","733","0.9673655331134796","0.9270833730697632","0.9872685670852661","731.5","730","733","0.8730127513408661","0.827924907207489","0.8997748494148254","731.5","730","733","0.9431933760643005","0.935502290725708","0.9539473652839661","438.5","438","439","0.954521656036377","0.9538462162017822","0.9551970958709717","438.5","438","439","0.9774566292762756","0.9606382846832275","0.9942749738693237","438.5","438","439","0.9737246334552765","0.9709677696228027","0.9764814972877502"
"147","736.5","735","738","0.9704531878232956","0.9628995656967163","0.9797297120094299","736.5","735","738","0.8573876470327377","0.8333333730697632","0.8687499761581421","736.5","735","738","0.9526446908712387","0.9097222685813904","0.9683908224105835","441.5","441","442","0.9607176780700684","0.939605712890625","0.9818296432495117","441.5","441","442","0.9771623909473419","0.976630449295044","0.9776943325996399","441.5","441","442","0.9813940525054932","0.9701141119003296","0.9926739931106567"
"148","741.5","740","743","0.9765320122241974","0.9562044143676758","0.9899280667304993","741.5","740","743","0.8908289670944214","0.8727585077285767","0.9272946119308472","741.5","740","743","0.9500003755092621","0.9426751732826233","0.9601449370384216","444.5","444","445","0.9621762335300446","0.9368056058883667","0.9875468611717224","444.5","444","445","0.9625343680381775","0.9438405632972717","0.9812281727790833","444.5","444","445","0.9812047183513641","0.9645370841026306","0.9978723526000977"
"149","746.5","745","748","0.9699715822935104","0.9371157884597778","0.9952380657196045","746.5","745","748","0.8856734931468964","0.8573248386383057","0.9164445400238037","746.5","745","748","0.9558567255735397","0.944444477558136","0.9695863723754883","447.5","447","448","0.9812554717063904","0.9775985479354858","0.9849123954772949","447.5","447","448","0.9931796193122864","0.9926316738128662","0.9937275648117065","447.5","447","448","0.9787427186965942","0.9685965776443481","0.9888888597488403"
"150","751.5","750","753","0.970191165804863","0.962837815284729","0.9793187379837036","751.5","750","753","0.8818292319774628","0.8481338620185852","0.9189497828483582","751.5","750","753","0.9664009809494019","0.9564335942268372","0.9856321811676025","450.5","450","451","0.9828228056430817","0.9707018136978149","0.9949437975883484","450.5","450","451","0.9777924418449402","0.9694737195968628","0.9861111640930176","450.5","450","451","0.9719473719596863","0.9679688215255737","0.9759259223937988"
"151","756.5","755","758","0.9756679981946945","0.9693877696990967","0.9799054861068726","756.5","755","758","0.8879528492689133","0.8638513088226318","0.9046840667724609","756.5","755","758","0.9585354924201965","0.9433333277702332","0.9742729663848877","453.5","453","454","0.966646134853363","0.957446813583374","0.975845456123352","453.5","453","454","0.9919354915618896","0.9838709831237793","1","453.5","453","454","0.9826233983039856","0.9792882204055786","0.9859585762023926"
"152","761.5","760","763","0.9769981950521469","0.9591723084449768","0.995172381401062","761.5","760","763","0.876117467880249","0.8450855016708374","0.9031689763069153","761.5","760","763","0.9708759933710098","0.9550827145576477","0.9866898059844971","456.5","456","457","0.9707558751106262","0.969348669052124","0.9721630811691284","456.5","456","457","0.9986559152603149","0.9973118305206299","1","456.5","456","457","0.9771349430084229","0.9757752418518066","0.9784946441650391"
"153","766.5","765","768","0.9791561365127563","0.9633554220199585","0.994369387626648","766.5","765","768","0.9072457402944565","0.8959695100784302","0.9206621050834656","766.5","765","768","0.9813746064901352","0.9649425148963928","0.9879432916641235","459.5","459","460","0.9739247262477875","0.9655913710594177","0.9822580814361572","459.5","459","460","0.9900092780590057","0.9858156442642212","0.9942029118537903","459.5","459","460","0.9766685962677002","0.9698246717453003","0.9835125207901001"
"154","771.5","770","773","0.9887249618768692","0.981249988079071","1","771.5","770","773","0.9161231517791748","0.9005518555641174","0.9450113773345947","771.5","770","773","0.9670412540435791","0.9578231573104858","0.9750567674636841","462.5","462","463","0.9828466773033142","0.978596568107605","0.9870967864990234","462.5","462","463","0.9899479746818542","0.9852150678634644","0.9946808815002441","462.5","462","463","0.9875597655773163","0.9778369069099426","0.9972826242446899"
"155","776.5","775","778","0.9877179265022278","0.9832108020782471","0.9917218685150146","776.5","775","778","0.9135439395904541","0.877293050289154","0.9544118642807007","776.5","775","778","0.9808115363121033","0.9656863212585449","0.9956467151641846","465.5","465","466","0.9879874289035797","0.9824562072753906","0.9935186505317688","465.5","465","466","0.9986111223697662","0.9972222447395325","1","465.5","465","466","0.9732178747653961","0.9566308259963989","0.9898049235343933"
"156","781.5","780","783","0.976114809513092","0.9604762196540833","0.9911971092224121","781.5","780","783","0.9033559560775757","0.8424035906791687","0.9757883548736572","781.5","780","783","0.9776357561349869","0.9580419659614563","0.992092490196228","468.5","468","469","0.9913905262947083","0.9902482032775879","0.9925328493118286","468.5","468","469","0.9956506192684174","0.9934288859367371","0.9978723526000977","468.5","468","469","0.9942042231559753","0.9937275648117065","0.9946808815002441"
"157","786.5","785","788","0.990559995174408","0.9873777031898499","0.9965516924858093","786.5","785","788","0.9384873658418655","0.9346756935119629","0.9458172917366028","786.5","785","788","0.9870152175426483","0.9739229679107666","0.9959770441055298","471.5","471","472","0.9727748036384583","0.9557347297668457","0.9898148775100708","471.5","471","472","0.9830374717712402","0.9682971239089966","0.9977778196334839","471.5","471","472","0.9815018773078918","0.9684982299804688","0.9945055246353149"
"158","791.5","790","793","0.9900913387537003","0.9793102741241455","0.9976359605789185","791.5","790","793","0.9442337304353714","0.8805011510848999","0.9710884690284729","791.5","790","793","0.9906235039234161","0.9798658490180969","1","474.5","474","475","0.9759984910488129","0.9758064150810242","0.9761905670166016","474.5","474","475","0.9872898161411285","0.9858155846595764","0.9887640476226807","474.5","474","475","0.9905521273612976","0.9870967864990234","0.9940074682235718"
"159","796.5","795","798","0.9952708780765533","0.9881757497787476","1","796.5","795","798","0.9244056046009064","0.9037162065505981","0.9430570006370544","796.5","795","798","0.9864182323217392","0.9716666340827942","0.9961905479431152","477.5","477","478","0.9866437315940857","0.9769504070281982","0.9963370561599731","477.5","477","478","0.9971047043800354","0.9963370561599731","0.9978723526000977","477.5","477","478","0.9915196001529694","0.9867021441459656","0.9963370561599731"
"160","801.5","800","803","0.9944873601198196","0.9860140085220337","1","801.5","800","803","0.9469936639070511","0.910455584526062","0.9689542651176453","801.5","800","803","0.9916749894618988","0.9825174808502197","1","480.5","480","481","0.9869559407234192","0.982872486114502","0.9910393953323364","480.5","480","481","0.9908602237701416","0.9870967864990234","0.9946236610412598","480.5","480","481","0.986827939748764","0.98082435131073","0.9928315281867981"
"161","806.5","805","808","0.9937922060489655","0.9836956262588501","1","806.5","805","808","0.9404027611017227","0.92337965965271","0.9611872434616089","806.5","805","808","0.9836118221282959","0.9731544256210327","0.9892857074737549","483.5","483","484","0.9971399903297424","0.9964538812637329","0.997826099395752","483.5","483","484","0.9939849972724915","0.9879699945449829","1","483.5","483","484","0.998670220375061","0.9973404407501221","1"
"162","811.5","810","813","0.9973952323198318","0.9964538812637329","1","811.5","810","813","0.9580255895853043","0.9343607425689697","0.9727891087532043","811.5","810","813","0.9896071255207062","0.9652777910232544","1","486.5","486","487","1","1","1","486.5","486","487","1","1","1","486.5","486","487","0.9920474886894226","0.986842155456543","0.9972528219223022"
"163","816.5","815","818","0.9978827387094498","0.9932432770729065","1","816.5","815","818","0.9780043810606003","0.9748858213424683","0.9817745685577393","816.5","815","818","0.9973925948143005","0.9946428537368774","1","489.5","489","490","0.9974398016929626","0.9948796033859253","1","489.5","489","490","1","1","1","489.5","489","490","0.9896165728569031","0.9807692766189575","0.9984638690948486"
"164","821.5","820","823","0.9931266158819199","0.9758621454238892","1","821.5","820","823","0.9495410770177841","0.9092971086502075","0.9812206029891968","821.5","820","823","0.9898724108934402","0.9822694659233093","0.9976359605789185","492.5","492","493","0.9852015376091003","0.9848958253860474","0.9855072498321533","492.5","492","493","0.9972826838493347","0.9945652484893799","1.0000001192092896","492.5","492","493","0.9986413717269897","0.9972826242446899","1.0000001192092896"
"165","826.5","825","828","0.9966100752353668","0.9932432770729065","1","826.5","825","828","0.9737712442874908","0.9620181322097778","0.9828431010246277","826.5","825","828","0.9991438388824463","0.9965753555297852","1","495.5","495","496","0.9847158193588257","0.9715821743011475","0.9978494644165039","495.5","495","496","1","1","1","495.5","495","496","0.9967948794364929","0.9935897588729858","1"
"166","831.5","830","833","0.9987036883831024","0.9965753555297852","1","831.5","830","833","0.9706580638885498","0.9469999670982361","0.9942529201507568","831.5","830","833","0.9965212196111679","0.9929577708244324","1","498.5","498","499","0.9973685443401337","0.9973685145378113","0.997368574142456","498.5","498","499","0.9991229176521301","0.9982457160949707","1.0000001192092896","498.5","498","499","1.0000000596046448","1","1.0000001192092896"
"167","836.5","835","838","1","1","1","836.5","835","838","0.9825635403394699","0.9700239896774292","0.9933775067329407","836.5","835","838","0.9943494498729706","0.9857143759727478","1","501.5","501","502","0.9896699488162994","0.9829630851745605","0.9963768124580383","501.5","501","502","1","1","1","501.5","501","502","1","1","1"
"168","841.5","840","843","0.9990941435098648","0.9963767528533936","1","841.5","840","843","0.9808198660612106","0.9722222685813904","0.9999998807907104","841.5","840","843","0.9982876181602478","0.9931506514549255","1","504.5","504","505","1","1","1","504.5","504","505","0.9986842572689056","0.9973685145378113","1","504.5","504","505","1","1","1"
"169","846.5","845","848","0.996395543217659","0.9909910559654236","1","846.5","845","848","0.9852213561534882","0.9776995182037354","0.9909910559654236","846.5","845","848","0.9914266616106033","0.9809844493865967","1","507.5","507","508","0.9986843168735504","0.9973685145378113","1.0000001192092896","507.5","507","508","0.9991229176521301","0.9982457160949707","1.0000001192092896","507.5","507","508","0.9994445443153381","0.9988889694213867","1.0000001192092896"
"170","851.5","850","853","0.9958786517381668","0.990867555141449","1","851.5","850","853","0.9888359159231186","0.9821029305458069","0.9965753555297852","851.5","850","853","0.9978973716497421","0.9938725829124451","1","510.5","510","511","0.9925955832004547","0.9873188138008118","0.9978723526000977","510.5","510","511","0.9926523268222809","0.9853046536445618","1","510.5","510","511","0.9926523268222809","0.9853046536445618","1"
"171","856.5","855","858","0.9993961155414581","0.9975845217704773","1","856.5","855","858","0.9927097707986832","0.9832134246826172","0.9999999403953552","856.5","855","858","0.993341326713562","0.9863945245742798","0.9975845217704773","513.5","513","514","0.9826086759567261","0.981521725654602","0.9836956262588501","513.5","513","514","0.9934782683849335","0.9869565367698669","1","513.5","513","514","0.9911988973617554","0.9851449728012085","0.9972528219223022"
"172","861.5","860","863","1.0000000149011612","0.9999999403953552","1.0000001192092896","861.5","860","863","0.9869317263364792","0.9793029427528381","0.9999999403953552","861.5","860","863","0.9972952157258987","0.9933775663375854","1","516.5","516","517","0.9999999701976776","0.9999999403953552","1","516.5","516","517","0.9999999701976776","0.9999999403953552","1","516.5","516","517","0.9999999701976776","0.9999999403953552","1"
"173","866.5","865","868","0.9974137842655182","0.9896551370620728","1","866.5","865","868","0.976869061589241","0.964553952217102","0.9863013029098511","866.5","865","868","0.9982390999794006","0.9964286088943481","1","519.5","519","520","0.999456524848938","0.998913049697876","1","519.5","519","520","0.9992401003837585","0.9984802007675171","1","519.5","519","520","0.9967391192913055","0.9934782385826111","1"
"174","871.5","870","873","0.9999999701976776","0.9999998807907104","1","871.5","870","873","0.9953795820474625","0.9836829304695129","1","871.5","870","873","0.9972500801086426","0.990645170211792","1","522.5","522","523","0.9954710006713867","0.9909420013427734","1","522.5","522","523","0.9786476492881775","0.9737827777862549","0.9835125207901001","522.5","522","523","0.9875427782535553","0.9859550595283508","0.9891304969787598"
"175","876.5","875","878","1","1","1","876.5","875","878","0.9886867851018906","0.9859154224395752","0.9913194179534912","876.5","875","878","0.9925631284713745","0.9788732528686523","1","525.5","525","526","0.9982817769050598","0.9965635538101196","1","525.5","525","526","0.9979102909564972","0.9958206415176392","0.9999999403953552","525.5","525","526","0.9975219070911407","0.9965635538101196","0.9984802603721619"
"176","881.5","880","883","1","1","1","881.5","880","883","0.9888738989830017","0.9755555391311646","0.9975669384002686","881.5","880","883","0.9991554170846939","0.9966216683387756","1","528.5","528","529","0.9986559152603149","0.9973118305206299","1","528.5","528","529","1","1","1","528.5","528","529","0.9946236610412598","0.9892473220825195","1"
"177","886.5","885","888","0.9991319477558136","0.9965278506278992","1","886.5","885","888","0.9905821681022644","0.9623287320137024","1","886.5","885","888","0.9965277761220932","0.9861111640930176","1","531.5","531","532","0.9885582327842712","0.9873015880584717","0.9898148775100708","531.5","531","532","1","1","1","531.5","531","532","0.9993055760860443","0.9986111521720886","1"
"178","891.5","890","893","1","1","1","891.5","890","893","0.9981850832700729","0.9945651888847351","1","891.5","890","893","0.9976019114255905","0.9904076457023621","1","534.5","534","535","1","1","1","534.5","534","535","1","1","1","534.5","534","535","1","1","1"
"179","896.5","895","898","0.9976359307765961","0.9905437231063843","1","896.5","895","898","0.9967885613441467","0.9893616437911987","1","896.5","895","898","1","1","1","537.5","537","538","0.9973404109477997","0.9946808815002441","0.9999999403953552","537.5","537","538","0.9999999701976776","0.9999999403953552","1","537.5","537","538","0.9987112879753113","0.9974225759506226","1"
"180","901.5","900","903","1","1","1","901.5","900","903","0.9930547326803207","0.9862068891525269","1","901.5","900","903","0.995647594332695","0.9895833730697632","1","540.5","540","541","1.0000000596046448","1","1.0000001192092896","540.5","540","541","1.0000000596046448","1","1.0000001192092896","540.5","540","541","0.9982456564903259","0.9964913129806519","1"
"181","906.5","905","908","1","1","1","906.5","905","908","1","1","1","906.5","905","908","1","1","1","543.5","543","544","0.997160404920578","0.9959259629249573","0.9983948469161987","543.5","543","544","1.0000000596046448","1","1.0000001192092896","543.5","543","544","1.0000000596046448","1","1.0000001192092896"
"182","911.5","910","913","0.9974315166473389","0.9897260665893555","1","911.5","910","913","0.9896008372306824","0.9807256460189819","1","911.5","910","913","0.9974137842655182","0.9896551370620728","1","546.5","546","547","1","1","1","546.5","546","547","1","1","1","546.5","546","547","1","1","1"
"183","916.5","915","918","1","1","1","916.5","915","918","1","1","1","916.5","915","918","0.998299315571785","0.9931972622871399","1","549.5","549","550","1.0000000596046448","1","1.0000001192092896","549.5","549","550","0.9992481768131256","0.9984963536262512","1","549.5","549","550","0.9923077821731567","0.9846154451370239","1.0000001192092896"
"184","921.5","920","923","0.9999999850988388","0.9999999403953552","1","921.5","920","923","0.9999999850988388","0.9999999403953552","1","921.5","920","923","0.9994089752435684","0.9976359605789185","1","552.5","552","553","1","1","1","552.5","552","553","0.9991135001182556","0.9982270002365112","1","552.5","552","553","0.9977547824382782","0.9972826242446899","0.9982269406318665"
"185","926.5","925","928","1","1","1","926.5","925","928","0.9994047731161118","0.997619092464447","1","926.5","925","928","0.9973958432674408","0.9895833730697632","1","555.5","555","556","0.9972826242446899","0.9945652484893799","1","555.5","555","556","1","1","1","555.5","555","556","1","1","1"
"186","931.5","930","933","0.9999999850988388","0.9999999403953552","1","931.5","930","933","0.9999999850988388","0.9999999403953552","1","931.5","930","933","0.9990941733121872","0.9963767528533936","1","558.5","558","559","1","1","1","558.5","558","559","1","1","1","558.5","558","559","1","1","1"
"187","936.5","935","938","1","1","1","936.5","935","938","0.995506539940834","0.9820261597633362","1","936.5","935","938","0.9983443915843964","0.9933775663375854","1","561.5","561","562","0.9980035424232483","0.9972826242446899","0.9987244606018066","561.5","561","562","1","1","1","561.5","561","562","0.9974489808082581","0.9948979616165161","1"
"188","941.5","940","943","1","1","1","941.5","940","943","0.9974137991666794","0.9896551966667175","1","941.5","940","943","0.9974137991666794","0.9896551966667175","1","564.5","564","565","1","1","1","564.5","564","565","0.9985955059528351","0.9971910119056702","1","564.5","564","565","1","1","1"
"189","946.5","945","948","0.9987076222896576","0.9964538812637329","1","946.5","945","948","0.9982758462429047","0.9931033849716187","1","946.5","945","948","0.9991134703159332","0.9964538812637329","1","567.5","567","568","0.9988636374473572","0.9977272748947144","1","567.5","567","568","1","1","1","567.5","567","568","1","1","1"
"190","951.5","950","953","1","1","1","951.5","950","953","0.9991258680820465","0.996503472328186","1","951.5","950","953","1","1","1","570.5","570","571","1.0000000596046448","1","1.0000001192092896","570.5","570","571","1.0000000596046448","1","1.0000001192092896","570.5","570","571","1.0000000596046448","1","1.0000001192092896"
"191","956.5","955","958","0.9999999850988388","0.9999999403953552","1","956.5","955","958","0.9999999850988388","0.9999999403953552","1","956.5","955","958","0.9979310184717178","0.9917241334915161","1","573.5","573","574","0.9945055246353149","0.9890110492706299","1","573.5","573","574","1","1","1","573.5","573","574","1","1","1"
"192","961.5","960","963","1","1","1","961.5","960","963","1","1","1","961.5","960","963","1","1","1","576.5","576","577","1","1","1","576.5","576","577","1","1","1","576.5","576","577","0.9931319057941437","0.9862638115882874","1"
"193","966.5","965","968","0.9999999850988388","0.9999999403953552","1","966.5","965","968","0.9973277747631073","0.9928572177886963","1","966.5","965","968","0.9995535463094711","0.9982142448425293","1","579.5","579","580","1.0000000596046448","1","1.0000001192092896","579.5","579","580","1.0000000596046448","1","1.0000001192092896","579.5","579","580","1.0000000596046448","1","1.0000001192092896"
"194","971.5","970","973","1","1","1","971.5","970","973","0.9933907985687256","0.9770114421844482","1","971.5","970","973","1","1","1","582.5","582","583","0.9911510348320007","0.9859650135040283","0.9963370561599731","582.5","582","583","0.9991228580474854","0.9982457160949707","1","582.5","582","583","0.9981685876846313","0.9963370561599731","1.0000001192092896"
"195","976.5","975","978","0.9973958432674408","0.9895833730697632","1","976.5","975","978","0.9968250691890717","0.9895833730697632","1","976.5","975","978","0.9973958432674408","0.9895833730697632","1","585.5","585","586","0.9972527325153351","0.9945055246353149","0.9999999403953552","585.5","585","586","0.9999999701976776","0.9999999403953552","1","585.5","585","586","0.9982817769050598","0.9965635538101196","1"
"196","981.5","980","983","1","1","1","981.5","980","983","0.9991071373224258","0.9964285492897034","1","981.5","980","983","1","1","1","588.5","588","589","1","1","1","588.5","588","589","1","1","1","588.5","588","589","1","1","1"
"197","986.5","985","988","0.9999999850988388","0.9999999403953552","1","986.5","985","988","0.9991378933191299","0.9965516328811646","1","986.5","985","988","0.9976763129234314","0.9931033849716187","1","591.5","591","592","0.9989247918128967","0.9978494644165039","1.0000001192092896","591.5","591","592","1.0000000596046448","1","1.0000001192092896","591.5","591","592","1.0000000596046448","1","1.0000001192092896"
"198","991.5","990","993","0.9999999850988388","0.9999999403953552","1","991.5","990","993","0.9973021596670151","0.9892086386680603","1","991.5","990","993","0.9999999850988388","0.9999999403953552","1","594.5","594","595","0.9962365627288818","0.9946236610412598","0.9978494644165039","594.5","594","595","1","1","1","594.5","594","595","0.9986559152603149","0.9973118305206299","1"
"199","996.5","995","998","0.9999999850988388","0.9999999403953552","1","996.5","995","998","0.9995535612106323","0.9982143044471741","1","996.5","995","998","0.9999999850988388","0.9999999403953552","1","597.5","597","598","1","1","1","597.5","597","598","1","1","1","597.5","597","598","1","1","1"